city_name,density_city_2007,trade_ratio_city_2007,trade_ratio_city_2010,N_2017,Unemploy_2017,N_2007,Unemploy_2007,density_city_2010,trade_ratio_city_2014,density_city_2014,trade_ratio_city_2017,density_city_2017,chr_dummy,year_chr,trade_accessible_dummy,category
Ankang,126.29,0.186666667,0.16544418,304,0.8766,297.15,0.9718,129.02,0.26802325,130.98,0.27114561,129.16383,0,,0,4
Anqin,394.79001,0.267564156,0.30452845,529,1.7775,607.89,2.7667,402.06,0.44441262,405.84,0.45029551,390.75195,0,,0,4
Anshan,377.16,0.553246753,0.54867923,346,3.0457,348.95,5.1551,380.48999,0.54038155,377.89999,0.50734335,373.85196,1,2012,0,4
Anshun,281.70999,0.323429542,0.2880342,300,0.8077,260.98,1.64,295.12,0.38816568,308.20999,0.34848508,323.72937,1,2016,0,4
Anyang,746.92999,0.560120706,0.56296468,626,2.8476,553.7,1.682,773.17999,0.62832171,818.82001,0.6182456,847.77899,1,2012,0,4
Baicheng,78.620003,0.402968037,0.34574765,193,1.2923,202.4,1.2195,78.919998,0.34583333,77.339996,0.31816536,74.92527,0,,0,4
Baise,104.64,0.338461538,0.32299888,417,0.8273,378.8,1.7738,110.1,0.3278302,113.71,0.28343588,115.187,0,,0,4
Baishan,74.339996,0.51372273,0.46402439,122,1.2548,129.98,5.7643,74.190002,0.54473686,72.709999,0.47305864,69.694374,0,,0,4
Baiyin,82.489998,0.574481074,0.5112583,182,0.5766,174.54,0.7315,84.860001,0.5153439,83.660004,0.45641199,86.01947,0,,0,4
Baoding,537.34998,0.423153693,0.42296296,1207,5.39,1106.08,3.7662,561.25,0.53943944,556.89001,0.5237419,544.06128,1,2012,0,4
Baoji,204.59,0.496293909,0.46978998,384,2,371.78,1.4685,208.91,0.53938621,212.86,0.5111984,211.95563,1,2013,0,4
Baoshan,124.41,0.333998006,0.47071743,261,0.8194,244.3,0.6899,127.43,0.46229509,130.83,0.47083369,132.91235,0,,0,4
Baotou,76.489998,0.619946092,0.5109356,224,5.3763,212.41,3.1829,79.080002,0.58747101,81.040001,0.53584701,80.668396,0,,0,4
Bayan Nur,27.85,0.437283437,0.43877551,175,1.4486,179.41,1.1196,26.9,0.38013244,28.450001,0.333076,26.404333,0,,0,4
Bazhong,301.14999,0.362095532,0.32821637,375,1.653,370.45,1.0247,326.14001,0.56339622,317.42001,0.55213577,305.05167,0,,0,4
Beihai,455.67999,0.311340206,0.37156397,174,0.8923,152.06,0.843,480.01001,0.42101449,507.60999,0.41893268,521.42645,0,,0,4
Beijing,729.75,0.281554721,0.23965448,1363,9.1421,1197.6,10.3986,759.14001,0.22364274,802.10999,0.1896884,830.54047,1,2011,1,1
Bengbu,592.19,0.365990991,0.34251291,380,4.2719,352.47,2.3539,605.90997,0.4653846,615.92999,0.45764628,638.54816,1,2011,0,4
Benxi,185.69,0.604938272,0.5920102,150,2.183,156.18,3.7069,184.83,0.54037857,181.07001,0.53852981,178.33789,0,,0,4
Binzhou,395.09,0.652136507,0.66097426,392,1.1576,373.16,1.1757,399.29001,0.65381682,395.07001,0.62728846,405.79709,0,,0,4
Bozhou,670.71002,0.260395365,0.27767235,647,0.8729,561.65,0.5961,712.84003,0.32805431,755.82001,0.30680743,759.30054,0,,0,4
Cangzhou,491.60001,0.421678927,0.37103865,780,2.2534,690.85,1.7651,510.57001,0.39217559,536.77002,0.35371521,555.75348,1,2011,0,4
Changchun,359.37,0.42531705,0.41077441,753,7.0263,739.26,7.5196,367.16,0.50966722,365.29999,0.47756326,365.64047,1,2012,0,3
Changde,334.10999,0.433479286,0.45530808,611,2.6527,607.75,2.4331,343.56,0.45424527,334.07001,0.41967312,335.89883,0,,0,4
Changsha,533.89001,0.424383917,0.44986558,696,4.0223,631,4.7673,551.31,0.47398311,560.94,0.44383529,589.0318,1,2009,0,2
Changzhi,230.35001,0.527967682,0.52697444,339,1.428,320.1,1.4625,237.21001,0.55698448,243.66,0.52014846,243.95509,0,,0,4
Changzhou,810.66998,0.525205479,0.50818354,375,3.293,354.67,3.2567,820.57001,0.63160837,836.94,0.59922922,857.53485,1,2010,0,3
Chaoyang,172.64,0.422303473,0.41293964,341,2.1352,340.08,2.6684,173.92999,0.43848684,172.36,0.30096757,173.11403,0,,0,4
Chaozhou,809.35999,0.414910859,0.39486754,274,0.8555,251.71,0.7578,831.90002,0.59052134,849.21002,0.57070476,870.9472,1,2013,0,4
Chengde,91.970001,0.367690366,0.34185681,383,1.9146,363.71,1.9626,94.040001,0.36435643,95.169998,0.3192482,96.97921,0,,0,4
Chengdu,890.56,0.493141831,0.51430655,1399,0,1103.4,6.7591,940.21002,0.38720953,979.14001,0.33947906,975.93304,1,2014,0,2
Chenzhou,238.82001,0.34264585,0.38549483,535,3.4754,463.02,2.2986,242.92999,0.43684211,264.73999,0.38393542,272.20923,1,2009,0,4
Chifeng,50.009998,0.408408408,0.40139675,463,2.5107,450.21,2.1484,51.009998,0.41424659,51.580002,0.37334192,51.432442,0,,0,4
Chizhou,189.91,0.302670623,0.26703754,162,0.7007,157.09,0.7744,193.28,0.38598132,195.73,0.34912401,192.88011,0,,0,4
Chongqing,390.06,0.48393556,0.47597989,3392,15.6841,3198.87,15.4141,395.48001,0.47998485,407.70001,0.49077061,411.6405,1,2013,0,2
Chongzuo,134.39999,0.424922601,0.44363105,251,0.7843,233.2,0.5047,139.17,0.37080291,142.24001,0.32650143,144.81883,0,,0,4
Chuzhou,325.35999,0.393131727,0.34463894,454,2.1346,439.99,1.9277,332.95001,0.41422221,332.53,0.42765361,335.89819,1,2011,0,4
Dalian,454.97,0.528449117,0.52186871,596,10.0356,572.08,6.015,465.09,0.56308979,470.38,0.46574616,473.99396,1,2012,1,2
Dandong,161.36,0.403794038,0.27112171,238,2.124,242.52,2.7599,159.39999,0.46698114,156.74001,0.41588199,159.01651,0,,0,4
Daqing,126.91,0.590195699,0.53286737,276,4.1073,269.3,2.3438,132.03999,0.52768362,131.28999,0.50632805,130.0721,0,,0,4
Datong,216.5,0.505278716,0.49322557,318,4.2793,305.85,5,223.39999,0.51139784,238.89999,0.51465756,224.3228,1,2014,0,4
Dazhou,389.54999,0.386507937,0.36654663,684,1.7016,646.3,1.4807,396.34,0.47441176,414.51999,0.4149771,412.34628,0,,0,4
Deyang,644.60999,0.522624434,0.51924652,392,2.1551,383.8,1.1302,657.08002,0.59915966,663.34998,0.51477468,663.17035,1,2014,0,4
Dezhou,538.66998,0.465775839,0.45604688,593,1.846,557.85,2.0048,549.45001,0.4645614,558.90997,0.46059415,572.50433,1,2011,0,4
Dingxi,144.13,0.24037461,0.20914397,303,0.6728,293.01,0.5287,147.28,0.36419752,147.62,0.28757483,154.52089,0,,0,4
Dongguan,682.79999,0.4125,0.41534391,201,1.3822,168.31,0.8088,725.07001,0.83336055,768.01001,0.8207683,817.07318,0,,1,2
Dongying,229.48,0.640149339,0.58752304,193,1.2405,181.82,0.9458,232.98,0.66065574,226.85001,0.61048818,234.13806,0,,0,4
Ezhou,707.71002,0.6328125,0.63381124,111,0.3519,106.44,2.82,713.03003,0.64950979,687.90997,0.66625029,696.36133,0,,0,4
Fangchenggang,133,0.387658228,0.40797186,97,0.2868,82.21,0.3083,139.7,0.44363636,149.13,0.42764199,155.49855,0,,0,4
Foshan,932.81,0.534056317,0.54037493,400,2.2926,358.06,2.4706,955.38,0.75694603,1004.77,0.73667502,1053.1859,1,2014,1,3
Fushun,198.63,0.612641243,0.59531897,215,2.7584,223.9,5.1156,197.49001,0.58353657,193.36,0.52522337,190.73811,0,,0,4
Fuxin,186.35001,0.497937537,0.48806056,189,2.1614,192.97,2.2189,185.67999,0.55110133,184.53999,0.36209419,182.52052,0,,0,4
Fuyang,1046.38,0.303329674,0.30793875,1062,0.7742,954.61,1.1286,1023.53,0.31160408,1077.37,0.30336219,1049.6145,0,,0,4
Fuzhou_Fujian,520.33002,0.582865007,0.51742655,687,3.3644,622.73,3.5955,488.23001,0.58515406,501.67999,0.58458787,542.01184,1,2013,0,3
Fuzhou_Jiangxi,203.8,0.388560158,0.41085634,401,1.9277,383.78,1.9038,212.08,0.55027324,223.19,0.54035515,213.30922,1,2014,0,4
Ganchan,732.97998,0.473719677,0.41020966,1055,26.118,884.12,3.9305,781.59998,0.50186568,823.89001,0.46899068,874.43018,1,2012,0,4
Ganzhou,218.67999,0.411397346,0.41018766,971,2.7748,861.15,2.7029,227.78,0.46003684,235.78999,0.40851411,246.67836,0,,0,4
Guangan,721.21997,0.254426841,0.25866666,467,1.01,457.54,1.6118,740.89001,0.26615384,741.84003,0.27615088,736.70929,0,,0,4
Guangyuan,187.57001,0.344899375,0.24730501,305,1.4706,306,1.3506,191.69,0.2654762,190.19,0.28871945,186.89871,0,,0,4
Guangzhou,1023.24,0.443232284,0.4398469,870,23.6347,760.72,5.8487,1068.9,0.39818239,1119.6,0.33109117,1170.2986,1,2009,1,1
Guigang,451.53,0.285020804,0.26329789,555,0.5163,478.89,0.7906,480.57001,0.2868132,507.60001,0.2620331,523.48615,1,2014,0,4
Guilin,179.53999,0.354756602,0.32258064,534,2.6225,499.29,2.2495,183.98,0.39929578,187.35001,0.40114528,193.00972,1,2014,0,4
Guiyang,441.26999,0.496036988,0.46674445,401,3.5103,354.52,3.1239,456.91,0.54012281,471.32999,0.51002884,498.57019,1,2014,0,3
Guyuan,134,0.179054054,0.14529915,150,0.3255,151.23,0.3829,142.42999,0.14590164,118.18,0.14095867,114.96896,0,,0,4
Haikou,766.56,0.447884768,0.30868167,167,0.8922,176.68,2.339,686.51001,0.23806584,708.15997,0.28506413,724.82642,1,2015,0,3
Hangzhou,401.48999,0.496984225,0.55289686,736,3.7174,666.31,6.3042,411.76999,0.54338288,425.76999,0.50582814,443.48035,1,2010,1,2
Hanzhong,138.96001,0.39250745,0.37739784,384,1.4545,378.17,1.9875,140.03999,0.40466666,141.56,0.35262695,140.93813,0,,0,3
Harbin,184.74001,0.524161074,0.4809081,962,8.9602,980.4,8.1,186.85001,0.40582243,187.53,0.34488419,181.1676,1,2012,0,3
Hebi,692.21002,0.61259542,0.64757454,170,0.4329,151.04,0.4693,732.31,0.69285715,760.45001,0.67453337,779.10175,1,2012,0,4
Hechi,116.14,0.331772967,0.33239436,429,1.1812,389.16,1.3129,122.22,0.30304569,123.59,0.2522808,128.1515,0,,0,4
Hefei,668.45001,0.425746924,0.43711144,730,27.51,469.85,4.7156,697.35999,0.61432528,621.66998,0.58166432,637.83313,0,,0,3
Hegang,74.620003,0.737559897,0.73245281,104,1.6678,109.31,1.974,74.690002,0.66000003,73.559998,0.63503891,70.84951,0,,0,4
Heihe,25.24,0.60387915,0.65300548,163,0.9671,173.49,9.722,21.200001,0.63291138,25.139999,0.3597213,23.505661,0,,0,4
Hengshui,479.39999,0.285914179,0.26547843,455,2.3078,422.59,0.8111,494.92001,0.36148649,507.07999,0.34044597,516.16565,0,,0,4
Hengyang,474.53,0.439007581,0.46576163,799,4.2139,726.5,3.574,483.56,0.48806229,513.57001,0.44929177,522.11987,1,2009,0,4
Heyuan,215.63,0.502588235,0.55000001,373,0.9251,341.26,1.4789,223.10001,0.50078738,230.58,0.49021631,238.27776,0,,0,4
Heze,742.33002,0.261614402,0.25742856,1015,1.7154,905.2,1.7931,767.58002,0.35708582,782.29999,0.36100855,828.16577,0,,0,4
Hezhou,180.94,0.26918239,0.23588456,243,0.686,214.5,0.7464,188.87,0.244,198.72,0.18808384,206.75572,1,2014,0,4
Hohhot,125.3,0.324774925,0.28869894,241,4.0686,215.81,2.4571,132.00999,0.27879518,136.13,0.28595039,138.08514,0,,0,4
Huaian,528.95001,0.469519704,0.51119894,568,2.0276,532.76,2.507,530.34003,0.63301736,549.01001,0.65934837,566.30109,0,,0,4
Huaibei,774.16998,0.631751996,0.71099377,217,2.0986,212.2,1.6232,794.38,0.72132868,782.56,0.6348483,791.68188,0,,0,4
Huaifang,534.39001,0.565005028,0.5491004,901,3.908,855.29,3.8,537.59998,0.52135921,546.90997,0.51433796,558.13666,0,,0,4
Huaihua,181,0.297925311,0.2514216,523,3.4169,500,2.96,184.22,0.2829861,186.78,0.23873955,188.41415,1,2016,0,4
Huainan,920.31,0.663176895,0.63612568,389,2.7274,237.9,2.0365,938.17999,0.63163841,941.52002,0.53080958,703.18152,0,,0,4
Huanggang,417.82999,0.345532174,0.42222828,747,1.0254,728.94,2.4441,423.94,0.50292134,429.70999,0.61773026,427.90857,0,,0,4
Huangshan,150.46001,0.255196305,0.271855,148,0.5777,147.56,0.6771,151.52,0.31709403,150.32001,0.31123665,152.92416,0,,0,4
Huangshi,555.01001,0.672374053,0.63845921,270,1.9621,254.36,3.4852,564.16998,0.64431137,572.27002,0.59867537,589.13373,0,,0,4
Huizhou,274.60999,0.750928816,0.75457829,364,2.1468,306.41,1.4835,290.70001,0.69488966,302.72,0.70320016,320.8179,1,2013,1,3
Huludao,264.69,0.54798629,0.53327298,280,2.7524,275.67,2.7482,271.01999,0.56139708,268.78,0.4373121,268.86884,0,,0,4
Hulun Buir,10.66,0.625034014,0.55465472,259,3.1858,269.96,2.5055,10.73,0.52924281,10.02,0.52580899,10.246185,0,,0,4
Huzhou,443.26001,0.602765321,0.64094257,265,1.5906,257.89,1.2344,445.45999,0.66078836,450.70001,0.65086597,455.32645,0,,0,4
Jiamusi,75.889999,0.46058227,0.50934744,238,0,248.19,2.0734,77.129997,0.40923914,74.019997,0.35321286,72.773972,0,,0,4
Jian,188.99001,0.335793358,0.25625625,535,2.0115,471.01,2.224,193.53999,0.50612247,201.37,0.50532341,210.85406,0,,0,4
Jiangmen,405.97,0.579909886,0.58681476,394,6.2523,387.34,6.1814,411.95999,0.63176471,413.47,0.60218018,414.3443,0,,0,4
Jiaozuo,872.34003,0.549675023,0.53460056,374,3.0621,355.13,2.588,896.23999,0.57327938,903.44,0.59472996,918.69318,0,,0,4
Jiaxing,857.09003,0.73806752,0.7024076,352,2.6696,335.55,2.6512,867.42999,0.66566414,883.59998,0.64823246,833.53064,1,2010,0,3
Jiayuguan,60,0.783529412,0.74392939,21,0.2845,17.61,0.3011,71.110001,0.07181818,68.25,0.6380865,71.550255,1,2014,0,4
Jieyang,1190.74,0.324681685,0.32647198,697,0.8968,623.95,0,1238.76,0.56317133,1296.39,0.5833168,1323.8367,1,2013,0,4
Jilin,158.72,0.483590463,0.47990328,422,2.9921,430.44,1.9551,161.25,0.49796841,157.73,0.46433449,152.2861,0,,0,4
Jinan,737.85999,0.488741853,0.45829952,633,3.3548,603.35,5.8007,737.76001,0.48379472,749.96997,0.42503768,791.44788,1,2011,0,3
Jinchang,52.639999,0.742675159,0.72259814,46,0.4979,46.83,0.523,53.470001,0.76186442,52.68,0.6879245,51.708633,0,,0,4
Jincheng,235.06,0.53957729,0.56674123,220,0.7015,221.45,0.5792,229.74001,0.6308707,232.69,0.62087113,233.42175,0,,0,4
Jindezheng,292.28,0.584440228,0.54630715,169,1.7119,153.62,1.075,304.82999,0.52970296,316.06,0.49581632,321.23172,0,,0,4
Jingmen,237.74001,0.54419022,0.57931519,300,1.2463,294.89,1.3256,242.7,0.59501314,242.49001,0.55334145,241.85747,0,,0,4
Jingzhou,455.54001,0.480055021,0.51706308,646,2.3595,647.1,4.5192,466.07001,0.49423078,468.82999,0.4607448,453.55612,0,,0,4
Jinhua,417.63,0.53422619,0.4896093,481,2.6344,456.8,2.4568,423.78,0.66703665,432.60001,0.65962422,439.59058,1,2014,0,3
Jining,725.23999,0.51724699,0.50107455,876,3.234,811.83,3.2258,742.64001,0.59328276,749.53003,0.57805258,774.46735,0,,0,4
Jinzhong,188.98,0.488035052,0.5,332,1.2061,310,0.752,195.07001,0.48228884,201.62,0.41016695,201.89735,0,,0,4
Jinzhou,305.81,0.443906376,0.40534893,302,2.5719,309.2,4.2533,313.60999,0.47694704,304.47,0.38628507,300.58725,0,,0,4
Jiujiang,251.11,0.478846154,0.47019053,520,1.779,472.67,2.7721,260.87,0.51458824,266.32001,0.50035727,262.6528,0,,0,4
Jiuquan,4.6999998,0.449380165,0.37161431,112,0.47,91.16,0.497,4.9699998,0.51133335,5.71,0.44680396,5.7739697,1,2014,0,4
Jixi,84.699997,0.674537332,0.66139466,181,1.3899,190.84,1.4076,84.639999,0.57842106,82.82,0.59663522,80.333763,0,,0,4
Kaifeng,772.70001,0.346166951,0.29691964,559,1.9198,497.93,2.2108,818.03003,0.55094337,858.29999,0.54986715,867.47363,1,2015,0,4
Karamay,33.849998,0.761103634,0.75637758,30,0.1601,32.32,0.342,41.209999,0.72222221,49.02,0.64480364,38.784744,0,,0,4
Kunming,244.78,0.40919826,0.4088974,560,5.35,514.3,3.5499,254.10001,0.6935907,260.23001,0.41466326,266.33691,1,2016,0,3
Laibin,184.64,0.367016206,0.40333918,269,0.694,247.62,0.5401,189.77,0.39787233,190.63,0.34934977,200.58162,0,,0,4
Laiwu,555.91998,0.666435506,0.64581764,129,0.6953,124.86,0.7433,562.69,0.6774869,563.31,0.6568836,574.35443,0,,0,4
Langfang,615.48999,0.298873693,0.35863441,470,0.9636,395.7,0.584,642.90997,0.47107062,661.83002,0.44593766,736.44623,1,2011,0,4
Lanzhou,239.69,0.494269088,0.46331277,324,1.7283,313.64,2.2602,247.28,0.46773699,281.64999,0.43857202,247.59285,1,2014,0,3
Leshan,272.98001,0.571915474,0.56923604,355,2.4553,350.12,2.0281,275.39001,0.5324232,279.81,0.44620869,279.02225,1,2014,0,4
Lianyungang,639.22998,0.433738902,0.4554188,534,1.1752,479.42,1.8413,654.19,0.52987289,683.09998,0.48501897,701.24756,0,,0,4
Liaocheng,657.28003,0.415072464,0.41324201,633,2.5556,572.82,2.3018,678.95001,0.46074381,665.09003,0.42378849,704.58594,0,,0,4
Liaoyang,384.88,0.563224738,0.52600121,179,1.5271,182.55,2.14,387.42001,0.51909548,380.13,0.48381963,373.85129,1,2012,0,4
Liaoyuan,239.77,0.491596639,0.47597766,120,1.1641,123.22,1.5678,240.86,0.60875911,237.2,0.56640571,233.46303,0,,0,4
Lijiang,54.389999,0.206349206,0.31724969,122,0.6553,115.42,0.3074,56.799999,0.28165138,56.599998,0.18834922,58.994198,0,,0,4
Lincang,90.160004,0.380903491,0.28348911,237,0.9538,220.61,0.7256,97.919998,0.43333334,100.09,0.39252356,100.3387,0,,0,4
Linfen,205.64999,0.394134078,0.35541829,434,1.9253,416.95,1.6481,215.56,0.37377891,210.71001,0.3494623,214.05672,1,2014,0,4
Linyi,594.82001,0.42913598,0.42210144,1141,2.6424,1022.73,2.863,605.85999,0.50534123,634.29999,0.50915676,663.71936,0,,0,4
Lishui,145.99001,0.294989414,0.31798381,268,0.9469,252.53,0.7002,148.8,0.28277779,152.48,0.22416654,154.93121,0,,0,4
Liuan,382.03,0.348943985,0.33836997,587,2.1998,686.73,3.9,392.67999,0.29164383,397.92999,0.2021295,379.91068,0,,0,4
Liupanshui,301.48999,0.602556976,0.57348245,340,1.6555,300.43,1.86,321.07999,0.57639998,328.23001,0.48751861,342.94937,1,2016,0,4
Liuzhou,193.64999,0.485153765,0.45812112,386,2.7987,360.51,3.5485,197.42999,0.56935751,200.22,0.56142318,207.56036,1,2014,0,4
Longnan,98.199997,0.269736842,0.24513274,288,0.352,274.12,1.0029,100.01,0.27621952,101.57,0.28427926,103.45199,0,,0,4
Longyan,150.92999,0.470100393,0.51729053,314,1.7143,287.52,1.2155,153.88,0.47623187,158.71001,0.40184051,164.717,0,,0,4
Loudi,507.63,0.455724508,0.51870322,453,2.6989,412.04,2.3443,518.09003,0.50164473,540.35999,0.50451684,558.63855,1,2016,0,4
Luohe,1019.3,0.526511628,0.53412735,269,0.6778,266.75,0.5031,1054.91,0.6192053,1269.35,0.61286384,1027.8945,1,2012,0,4
Luoyang,437.10001,0.46059208,0.44556913,737,4.8642,664.39,3.1116,457.16,0.50549448,454.38,0.4916943,483.72275,1,2010,0,4
Luzhou,395.28,0.49368155,0.54324222,508,1.5279,484.1,1.8532,406.53,0.56545961,415.51001,0.55825931,415.16837,0,,0,4
Lvliang,171.53,0.418486172,0.40706128,391,1.19,361.85,0.9438,179.42,0.46658292,185.45,0.45476064,184.09529,0,,0,4
Maanshan,750.71002,0.644710579,0.63488978,229,0,126.57,0.8507,762.81,0.56582278,564.09003,0.53827941,565.57172,0,,0,4
Maoming,612.31,0.348311026,0.34566286,799,0,701.59,2.3714,641.73999,0.45133927,663.13,0.45587981,699.09875,0,,0,4
Meishan,475.92999,0.390405294,0.39206713,350,1.6055,342,1.0841,484.37,0.47525254,493.25,0.44687805,490.19608,1,2014,0,4
Meizhou,316.32999,0.311150286,0.30065361,551,1.4029,500.94,2.6375,319.70001,0.39661017,330.89001,0.38289103,347.30539,0,,0,4
Mianyang,262.89001,0.48035488,0.49218315,545,3.4791,533.3,3.2797,268.98001,0.49272349,270.34,0.45805246,269.16238,1,2014,0,4
Mudanjiang,66.080002,0.529215976,0.47007841,259,2.729,268.17,1.9166,66.669998,0.47735849,67.43,0.44668677,66.706161,0,,0,4
Nanchang,653.82001,0.446883972,0.49645603,523,6.5,483.96,3.7377,671.89001,0.61981606,689.10999,0.62719381,706.5658,1,2014,0,3
Nanchong,588.15997,0.377168213,0.34357646,741,2.9847,733.96,2.0432,603.82001,0.4643026,608.28003,0.42059129,593.89276,0,,0,4
Nanjing,922.56,0.452613024,0.47237805,663,6.5428,607.23,6.0106,956.81,0.51008791,976.29999,0.44269019,1006.528,1,2010,1,2
Nanning,303.85999,0.354734635,0.3516722,752,2.8788,671.89,2.945,315.81,0.41324502,325.67001,0.43129727,338.0687,1,2014,0,3
Nanping,116.16,0.463121784,0.45605803,321,1.8508,305.27,2.0335,117.84,0.36995885,120.26,0.37229425,122.14612,0,,0,4
Nantong,962.12,0.573850725,0.59416789,767,3.5176,769.79,3.3575,953.21002,0.80429584,958.02002,0.81480181,727.08313,0,,0,3
Nanyang,417.34,0.416910047,0.4159736,1195,3.607,1101.78,3.5601,440.42001,0.47593644,441.72,0.4600344,450.79028,0,,0,4
Neijiang,783.75,0.566666667,0.4914611,420,1.789,422.13,1.7454,790.21997,0.56184739,792.65002,0.54749686,779.94427,0,,0,4
Ningbo,598.45001,0.630370991,0.66402054,591,7.0132,560.45,4.4957,581.65997,0.65408403,591.02002,0.60937887,602.07825,1,2013,1,2
Ningde,247.50999,0.275390625,0.28091982,352,1.2348,328.1,1.1012,253.59,0.48122743,258.09,0.47867176,265.72055,1,2013,0,4
Ordos,16.25,0.499334221,0.42973652,159,2.269,141,1.0562,17.23,0.53096771,17.790001,0.47783029,18.328108,0,,0,4
Panjing,312.16,0.757266474,0.79467529,130,1.9243,127.08,0.7424,319.35999,0.75461847,317.22,0.73893809,319.80319,0,,0,4
Panzhihua,146.52,0.706593407,0.67859203,111,1.9308,109.01,1.5446,149.97,0.71088707,151.33,0.54552853,149.97974,0,,0,4
Pingdingshan,644.19,0.550522648,0.54846185,568,2.4711,507.75,2.0835,675.40997,0.58429319,680.06,0.5540635,720.62927,0,,0,4
Pingliang,201.86,0.378188215,0.35170808,234,1.002,225.48,0.732,205.7,0.41858974,207.56,0.4197326,209.4897,0,,0,4
Pingxiang,475.85999,0.481936972,0.47803807,200,1.732,181.97,1.4838,488.82999,0.58223349,505.25,0.56023514,522.05688,1,2014,0,4
Putian,745.25,0.68175389,0.64744526,350,0.8016,306.97,0.7066,775.94,0.73648071,808.92999,0.70967585,847.2525,1,2013,0,4
Puyang,891.02002,0.498121478,0.50185186,433,1.7196,380.11,1.5914,947.53998,0.64999998,1008.92,0.59379125,1033.9064,0,,0,4
Qingdao,670.59003,0.658530934,0.61800587,791,7.978,749.38,5.9716,694.95001,0.5904147,685.76001,0.53343725,701.11682,1,2014,1,2
Qingyang,92.860001,0.197959184,0.079434171,270,1.6051,251.83,0.7637,96.220001,0.37011495,97.389999,0.35890493,99.561195,0,,0,4
Qingyuan,207.82001,0.523353293,0.53258002,432,1.2362,398.03,0.9664,214.75999,0.51174605,215.27,0.48903066,226.93843,1,2009,0,4
Qinhuangdao,372.91,0.361071932,0.375,298,2.1562,280.54,1.6133,381.82001,0.3877193,375.19,0.3418929,381.95334,0,,0,4
Qinzhou,321.45999,0.308860759,0.30427891,409,0.9217,348.56,0.8205,342.32999,0.4371134,326.25,0.4567771,335.60352,0,,0,4
Qiqihar,133.25,0.534904805,0.49062499,544,4.4,565.9,3.9125,134.58,0.45858824,131.14999,0.38897979,128.01205,0,,0,4
Qitaihe,143.17999,0.770676692,0.72335601,80,0.7993,89.07,0.7847,149.12,0.67637795,147.82001,0.56039125,128.59669,0,,0,4
Quanzhou,608.62,0.800180424,0.81911087,730,2.1903,670.4,0.8872,618.10999,0.8006109,638.67999,0.76982445,662.73267,1,2013,0,3
Qujing,205.82001,0.387055838,0.52588642,653,1.4352,594.94,3.1386,213.17999,0.58183634,222.07001,0.5505783,225.91248,1,2016,0,4
Quzhou,279.01999,0.408892128,0.43294549,257,1.2589,246.68,0.9909,282.62,0.45490196,287.41,0.41820598,290.55963,1,2014,0,4
Rizhao,531.83002,0.465517241,0.46850598,300,1.2422,282.4,1.258,534.33002,0.5707165,541.39001,0.5350011,559.80591,0,,0,4
Sanmengxia,214.39,0.551537822,0.52514917,229,0.8369,225.02,1.1177,218.71001,0.5297491,216.07001,0.52561241,218.17836,1,2010,0,4
Sanming,116.66,0.456996746,0.43372366,287,1.008,268.64,1.6643,117.37,0.41037345,121.25,0.37674388,124.26933,0,,0,4
Sanya,273.73001,0.274418605,0.13735344,58,0.3413,52.42,0.1145,290.91,0.14414415,300.63,0.12970054,301.92609,1,2015,0,4
Shanghai,2157.6799,0.412787201,0.41176927,1450,24.26,1368.08,27.82,2209.3101,0.41284329,2259.21,0.35184434,2286.7056,1,2010,1,1
Shangluo,125.82,0.263765542,0.28685898,253,0.7346,242.74,0.4111,125.98,0.42433864,129.92,0.42368153,131.14244,0,,0,4
Shangqiu,818.10999,0.284559207,0.29706571,977,2.8334,875.71,2.4736,850.96002,0.46072072,880.60999,0.47274601,767.77997,1,2015,0,4
Shangrao,302.98001,0.405042567,0.39092189,782,2.8322,690.52,3.3086,319.54001,0.48041958,333.32001,0.46149164,343.11789,1,2014,0,4
Shantou,2399.95,0.391163093,0.40139064,559,1.7816,495.35,1.7771,2474.47,0.6064865,2616.23,0.57862467,2542.0645,1,2013,0,4
Shanwei,613.21997,0.388423458,0.43614793,362,1.2856,323.23,0.9963,646.20001,0.62891567,724.65002,0.60685122,744.09045,1,2013,0,4
Shaoguan,174.23,0.496506068,0.51984125,334,4.7319,320.32,1.9066,176.32001,0.5605042,178.14999,0.51104403,181.39359,1,2009,0,4
Shaotong,239.22,0.260590501,0.25724021,609,1.2245,536.56,1.6498,247.62,0.30336136,261.38,0.23570706,275.06775,0,,0,4
Shaoxing,527.5,0.715416271,0.76957989,445,3.8463,435.5,2.7141,530.21002,0.82354242,533.46997,0.81133872,537.50452,1,2013,0,3
Shaoyang,358.32001,0.399743754,0.37093341,830,2.5457,746.39,3.26,366.85001,0.39247313,388.04999,0.38773385,398.46375,1,2015,0,4
Shenyang,542.03003,0.39055794,0.39916366,734,10.2166,703.56,11.7735,552.03998,0.46629581,560.17999,0.42607588,570.76202,1,2012,0,2
Shenzhen,1007.83,0.555931475,0.54099101,385,4.2583,196.83,2.8259,1234.74,0.65076518,1554.6801,0.58983129,1927.8918,1,2013,1,1
Shijiazhuang,592.82001,0.409023074,0.37592813,1038,0,939.5,2.2653,616.73999,0.36749193,632.97998,0.33847788,795.03674,1,2012,0,3
Shiyan,146.33,0.514726508,0.50410753,348,3.2055,346.5,2.4201,149.16,0.5315271,146.41,0.48922664,146.95946,0,,0,4
Shizuishan,137.5,0.574390244,0.55650061,75,3.0633,73.01,0.7231,140.34,0.47979799,144.17999,0.46442613,141.24294,0,,0,4
Shuangyashan,66.690002,0.713787639,0.70271921,145,1.088,149.95,0.8124,64.980003,0.52469134,64.540001,0.41465518,63.930161,0,,0,4
Shuozhou,140.12,0.496937213,0.44322133,163,0.5794,148.85,0.1507,142.21001,0.49414635,163.41,0.43799287,153.41176,1,2014,0,4
Simao,53.049999,0.415409055,0.43526942,251,1.0594,240.78,0.9502,55,0.42890173,56.939999,0.38802481,55.304615,0,,0,4
Siping,235.28999,0.347974622,0.3875598,324,1.0499,331.29,4.4026,240.85001,0.33027524,233.24001,0.30171689,225.2816,1,2012,0,4
Songyuan,131.92,0.536813922,0.56572378,278,1.3033,278.21,1.3859,136.71001,0.55109489,134.17,0.53658831,131.82228,1,2012,0,4
Suihua,162.71001,0.332124143,0.30607286,543,1.9148,568.9,1.8682,166.45,0.37414965,159.5,0.31918782,155.70786,0,,0,4
Suining,708.71002,0.545604396,0.57575756,378,4.2895,377.39,1.5825,726.84998,0.53024387,712.45001,0.59991437,710.25928,0,,0,4
Suizhou,261.14001,0.43365984,0.42870456,252,0.4691,251.63,0.5387,267.51001,0.47933334,267.32001,0.48164445,261.51932,0,,0,4
Suqian,618.90002,0.334417344,0.39473686,592,1.0732,529.47,1.3786,631.90997,0.70772058,671.17999,0.6431824,694.50964,0,,0,4
Suzhou_Anhui,623.21002,0.411237785,0.40747252,678,3.9619,609.94,1.3115,649.01001,0.46437499,655.90002,0.36129034,658.01385,0,,0,4
Suzhou_Jiangsu,725.82001,0.72162328,0.71172076,654,0.4228,616.08,5.4793,746.09998,0.74226314,770.31,0.74217987,783.18121,1,2010,1,2
Taian,710.77002,0.629074711,0.60712922,569,2.4836,551.7,2.6844,716.09003,0.64403081,719.91998,0.58695811,733.05847,1,2011,0,4
Taiyuan,499.17001,0.512962012,0.49147266,370,4.921,348.82,4.2925,524.37,0.53877974,526.65997,0.46121541,529.47913,1,2014,0,3
Taizhou_Jiangsu,868.72998,0.469007634,0.4856419,508,1.598,564.66,2.1631,869.38,0.75601268,877.47998,0.77340907,877.82959,0,,0,4
Taizhou_Zhejiang,600,0.493351994,0.60694271,600,2.2315,503.6,2.1235,614.66998,0.69608992,631.21997,0.67074496,637.55182,1,2013,0,3
Tangshan,533.78998,0.558674827,0.56299645,760,6.7327,719.12,5.3498,544.76001,0.54136503,537.57001,0.48045397,564.133,0,,0,4
Tianjing,796.25,0.508205128,0.48063475,1044,25.77,948.89,11.67,833.20001,0.54894179,842.46997,0.47962609,876.05939,1,2011,1,2
Tianshui,245.38,0.358234295,0.34958905,371,1.4149,352.34,1.21,250.5,0.33086956,264.75,0.3277052,259.85852,1,2015,0,4
Tieling,234.62,0.506666667,0.48246014,300,2.0873,304.54,2.0183,235.78999,0.54964536,232.49001,0.45379168,231.03581,1,2012,0,4
Tongchuan,293.37,0.591397849,0.51251251,84,0.7932,84.55,1.32,219.75999,0.51083332,217.32001,0.45691201,216.3833,0,,0,4
Tonghua,149.31,0.484906564,0.44924623,220,0.64,226.88,1.0094,149.27,0.58489931,142.42999,0.56051582,140.91724,0,,0,4
Tongliao,52.490002,0.465832961,0.9009009,319,1.8149,312.51,1.4547,53.560001,0.50069445,53.950001,0.46897402,53.767971,0,,0,4
Tongling,656.87,0.646319569,0.67009425,171,0.9935,73.11,1.064,664.78003,0.66858977,618.07001,0.5747267,571.71515,0,,0,4
Ulanqab,51.049999,0.231369766,0.23221758,274,0,278.16,1.338,53.169998,0.24550898,51.98,0.19321576,50.27523,0,,0,4
Urumqi,185.17,0.38972067,0.38415417,268,3.4835,201.84,2.0763,174.92999,0.35979828,190.69,0.34238192,194.37192,1,2014,0,3
Weihai,438.45001,0.654913145,0.64240104,256,0.8333,249.83,0.7293,436.38,0.65982145,438.56,0.65827197,441.53156,1,2014,0,4
Weinan,412.34,0.429076968,0.42486903,557,1.6552,541.57,1.1411,423.98001,0.43290871,433.84,0.40886703,424.09015,1,2010,0,4
Wenzhou,641.96002,0.672139775,0.68626904,818,3.1441,756.48,3.1545,660.92999,0.59747571,685.03003,0.56703991,676.98419,1,2013,0,3
Wuhai,247.14999,0.672815534,0.63367254,44,0.8412,43.35,0.7,274,0.61923075,315.34,0.58936357,263.63092,0,,0,4
Wuhan,964.02002,0.46533238,0.50927508,834,11.06,818.84,11.17,983.69,0.51717883,967.79999,0.4954288,973.27576,1,2009,0,2
Wuhu,690.46997,0.579545455,0.56332237,388,1.6937,229.03,2.0358,693.70001,0.57393366,642.17999,0.55336297,643.87653,0,,0,4
Wuwei,56.330002,0.266944734,0.33401221,191,0.5716,187.23,0.59,59.849998,0.45070422,56.720001,0.40067032,57.464348,0,,0,4
Wuxi,956.14001,0.545253111,0.58173698,486,3.9757,457.8,4.2138,972.53998,0.67759562,1020.6,0.6419605,1050.3566,1,2010,1,3
Wuzhong,62.599998,0.403422983,0.36732027,142,0.3382,127.66,0.6128,67.279999,0.42788461,85.769997,0.37658852,84.735649,0,,0,4
Wuzhou,244.85001,0.368490442,0.37192282,347,1.2591,308.22,1.2393,251.84,0.42587066,267.09,0.41006169,275.65936,1,2014,0,4
Xiamen,1022.18,0.720500904,0.69323701,825,11.2924,753.11,8.7393,1125.24,0.6917882,1250.99,0.63328654,1300.7651,1,2013,1,3
Xi'an,745.06,0.455955236,0.426128,221,2.71,160.38,2.3,773.32001,0.42162299,799.17999,0.3800689,816.34674,1,2010,0,2
Xiangfan,293.45001,0.453595724,0.46209386,594,3.2461,578.8,3.9924,298.56,0.58457011,301.64999,0.5341652,301.09488,0,,0,4
Xiangtan,581.53998,0.610856269,0.55064738,290,2.2902,291.64,2.0732,588.75,0.63531071,578.78998,0.43066537,579.07349,0,,0,4
Xianning,285.73001,0.492031873,0.3899405,304,0.8275,281.76,3.1568,294.73001,0.42118645,299.70001,0.3919003,308.28516,1,2009,0,4
Xianyang,490.07999,0.454222465,0.41935483,530,2.1853,499.69,2.1058,506.45001,2.21875,523.31,0.51414287,520.16882,1,2013,0,4
Xiaogan,577.60999,0.582653818,0.6122449,523,2.5765,514.65,2.6481,593.40997,0.60803014,591.95001,0.56803852,586.9809,1,2012,0,4
Xingtai,547.25,0.349042262,0.36220929,788,2.0102,683.3,2.281,575.54999,0.44113785,613.58002,0.4048014,633.79718,1,2012,0,4
Xining,277.53,0.394689469,0.39810425,203,1.7,212.73,2.187,253.02,0.43649024,296.45999,0.40646625,265.01306,1,2014,0,4
Xinxiang,705.79999,0.444444444,0.47100329,646,4.1998,576.57,2.0942,731.12,0.64569443,730.82001,0.61561048,745.44196,1,2012,0,4
Xinyang,418.29001,0.329735034,0.33365133,908,0.7049,817.38,1.7623,440.60999,0.43920922,542.78998,0.44210294,483.31293,1,2012,0,4
Xinyu,353.38,0.682716049,0.57959181,124,1.3618,112.41,1.5994,391.73001,0.62657344,382.22,0.65151483,390.1825,1,2014,0,4
Xinzhou,119.37,0.298494624,0.28294402,308,1.1252,299.83,0.8,122.19,0.31901142,124,0.28053722,122.45547,1,2014,0,4
Xuchang,935.83002,0.422752294,0.46987951,510,3.1018,467.54,0.2336,971.20001,0.60271496,998.85999,0.5954538,1020.6124,1,2012,0,4
Xuzhou,830.28003,0.438643166,0.42135289,1041,3.0953,934.73,3.2581,850.59998,0.62531877,894.26001,0.57575238,884.82788,1,2015,0,3
Ya'an,100.37,0.330726257,0.31657755,155,0.5114,152.61,0.5257,101.39,0.3233645,104.33,0.31841105,103.01741,0,,0,4
Yan'an,58.07,0.372964973,0.3778781,237,0.9754,215.08,0.9957,61.43,0.46698114,64.199997,0.43288323,63.990063,0,,0,4
Yancheng,474.14999,0.502559902,0.50830114,831,1.816,804.73,2.9182,478.64999,0.65191871,485.37,0.63318539,490.81567,0,,0,4
Yangjiang,342.64999,0.427586207,0.38119659,296,1.2832,267.73,4.3189,346.91,0.52938777,358.38,0.48961312,372.04626,0,,0,4
Yangquan,278.35999,0.65680212,0.6345399,133,0.889,127.21,0.7522,285.04999,0.66993004,290.45999,0.6263808,291.02844,0,,0,4
Yangzhou,691.34998,0.526553672,0.56532991,462,2.4413,458.64,2.4632,691.59003,0.74935704,697.67999,0.74576813,700.95587,0,,0,4
Yantai,472.85001,0.623937677,0.60678083,655,5.7302,649.98,4.0741,474.32001,0.57636702,470.09,0.55346769,472.8559,1,2014,1,3
Yibin,393.85999,0.53627451,0.55086994,556,3.1199,523.16,1.9795,403.07999,0.53435755,414.76999,0.49209076,418.95862,0,,0,4
Yichang,190.14999,0.566498922,0.56594914,394,2.3896,400.23,2.843,190.69,0.56988233,189.75999,0.55716074,185.58644,1,2014,0,4
Yicheng,222.52,0.389926889,0.33629033,280,1.2418,274.21,0.9657,225.41,0.22699822,225.00999,0.38784406,227.40193,0,,0,4
Yichun_Heilongjiang,38.990002,0.810668999,0.76627052,118,2.2058,127.74,2.1987,38.860001,0.71917099,37.610001,0.67286152,35.975609,0,,0,4
Yichun_Jiangxi,286.19,0.411124076,0.39331621,602,2.4973,534.66,2.1432,294.56,0.53356975,309.64999,0.52241558,322.45969,1,2014,0,4
Yinchuan,157.78,0.549644188,0.51820636,184,3.0324,144.68,1.7107,162.78999,0.44485715,191.28,0.41099927,203.87811,0,,0,4
Yingkou,427.76999,0.378687538,0.39082366,233,1.8117,231.08,2.5363,435.10001,0.50309277,443.54999,0.35852161,444.48685,1,2012,0,4
Yingtan,317.81,0.549499444,0.50473934,128,0.9451,112.95,0.9253,337.14001,0.56791043,350.17001,0.64199996,359.55057,1,2014,0,4
Yiyang,381.26001,0.356195702,0.31572109,484,1.4734,463,2.3287,387.48001,0.4292517,389.64001,0.41680467,392.85715,0,,0,4
Yongzhou,257.34,0.316666667,0.31288135,645,2.7793,577.5,2.6539,261.42001,0.35669783,279.70001,0.34242788,289.75742,0,,0,4
Yueyang,357.06,0.480263158,0.53768301,571,3.4101,538.7,3.6873,370.31,0.4551985,376.89001,0.43893272,384.30475,0,,0,4
Yulin_Guangxi,474.60999,0.320534224,0.34829658,717,1.4944,353.24,1.3257,508.97,0.44162011,546.53998,0.42237473,558.62872,0,,0,4
Yulin_Shaanxi,81.059998,0.265547878,0.30942452,382,0.96,609.31,1.5715,82.410004,0.43552312,86.510002,0.42586416,88.996574,0,,0,4
Yuncheng,353.19,0.419314642,0.38681591,531,0,493.2,0.3197,355.14001,0.32195121,368.37,0.32971987,374.39188,1,2014,0,4
Yunfu,343,0.508528111,0.47312462,301,0.5799,266.82,0.8015,354.54001,0.50188679,372.95001,0.48755398,386.54169,1,2014,0,4
Yuxi,137.8,0.32127031,0.44297519,217,1.0237,210.62,0.4257,140.24001,0.51007193,140.48,0.50055212,142.45389,1,2016,0,4
Zaozhuang,815.19,0.566506637,0.53294462,413,1.9209,371.97,1.8384,847.66998,0.62128907,867.76001,0.5845384,904.90796,1,2011,0,4
Zhangjiajie,169.66,0.243767313,0.21196359,171,0.5714,161.45,0.2484,173.67999,0.27078652,179.60001,0.22590804,179.35809,0,,0,4
Zhangjiakou,123.02,0.406267645,0.37100279,470,3.9522,453.61,4.8611,125.38,0.33692306,126.61,0.27722779,127.72781,0,,0,4
Zhangye,30.33,0.370774264,0.38274112,131,3.0082,127.15,0.5027,31.1,0.41470587,31.33,0.37357605,31.247019,1,2014,0,4
Zhangzhou,364.17001,0.624631861,0.62700468,508,1.28,459.14,1.3889,366.48001,0.62272727,389.88,0.61652267,404.65192,1,2013,0,4
Zhanjiang,590.59003,0.393854749,0.3817952,835,2.1185,736.52,2.6158,611.92999,0.42087474,606.46002,0.40779105,629.57098,0,,0,4
Zhaoqing,272.38,0.456653992,0.45054126,444,1.244,404.65,1.0641,273.35001,0.54103196,288.64001,0.53465652,298.16669,1,2014,0,4
Zhengjiang,698.70001,0.520635891,0.5628072,272,1.4157,268.79,1.5823,701.53003,0.60000002,706.39001,0.60279965,708.33331,1,2010,0,4
Zhengzhou,928.84998,0.468461861,0.46700653,827,5.1032,691.62,5.6273,982.37,0.58645833,1234.35,0.52932656,1110.6635,1,2010,0,2
Zhongshan,790.33002,0.645734597,0.61483699,161,1.0672,142.26,0.7274,821.44,0.78997797,863.72998,0.75674087,902.46637,0,,1,3
Zhongwei,61.93,0.347560976,0.29038855,121,0.2428,104.19,0.9142,74.089996,0.34126985,69.610001,0.26061627,69.348923,0,,0,4
Zhoukou,945.22998,0.298249602,0.30126184,1259,3.4324,1130.4,2.4755,1009.08,0.48670694,945.44,0.49948478,1052.5875,0,,0,4
Zhoushan,670.69,0.352775165,0.41191381,97,0.8762,96.58,0.7353,671.96002,0.38216215,668.79999,0.40753353,666.2088,0,,1,4
Zhuhai,548.82001,0.71815562,0.71348411,115,1.1188,92.63,1.1435,603.46997,0.66662198,654.83002,0.60979497,663.97229,0,,1,3
Zhumadian,563.81,0.301591814,0.34606451,949,0.6339,850.4,1.5579,578.88,0.50339806,594.04999,0.49974364,629.01837,1,2012,0,4
Zhuzhou,334.66,0.562251656,0.5460546,404,2.2549,376.9,2.4554,339.48001,0.56901097,354.79999,0.56189954,357.30078,1,2009,0,4
Zibo,700.95001,0.683537653,0.65944529,432,3.1721,418.13,2.4824,706.46997,0.69669861,712.96002,0.65632427,724.22467,0,,0,4
Zigong,731.65002,0.503099174,0.50100505,327,2.4371,319.95,1.8582,751.17999,0.51141554,752.64001,0.45634487,746.40491,0,,0,4
Ziyang,614.66998,0.371082621,0.39716312,355,1.3954,489.4,1.2546,629.67999,0.56227106,637.31,0.43928254,617.60614,0,,0,4
Zunyi,238.05,0.367207792,0.29762688,802,2.215,732.3,2.152,244.09,0.35857844,253.06,0.31628406,260.71127,0,,0,4
